path,sha256,text,lines,bytes,extension,status,reviewer,notes
.claude-plugin/marketplace.json,5f078ccb7cbbc74ee5029c214a5631783ac9ecee8cf7aa8cb9235176e254b788,True,127,5981,.json,reviewed,semantic_coverage_a,receipt=results/semantic-coverage-receipt.jsonl
.github/workflows/cla.yaml,dfc94275d12e46bcaded98d8b9116a961538e711b60e44d1554a57e7dcb8a0f1,True,43,2281,.yaml,reviewed,semantic_coverage_a,receipt=results/semantic-coverage-receipt.jsonl
.gitignore,35aa9511acdbadaa457a3e2ba4c441731deda038718b07d0ea1bbfbf20aad7bf,True,7,71,,reviewed,semantic_coverage_b,receipt=results/semantic-coverage-receipt.jsonl
ai-governance-legal/.claude-plugin/plugin.json,7c89f2938a259e99f8828e4e7e190f4c478ef63a6aef7ea458361d2968b60776,True,8,348,.json,reviewed,semantic_coverage_a,receipt=results/semantic-coverage-receipt.jsonl
ai-governance-legal/.gitignore,5e8d118156b6eab659098855a0840d1ee60fad7964977fcbeb806bb8d95b0bd0,True,3,29,,reviewed,semantic_coverage_b,receipt=results/semantic-coverage-receipt.jsonl
ai-governance-legal/.mcp.json,4d52c3b2b5d31ee2fbf753a3190ab4f03b15081ee51800ca9339112c851e5037,True,21,539,.json,reviewed,semantic_coverage_b,receipt=results/semantic-coverage-receipt.jsonl
ai-governance-legal/CLAUDE.md,f276e9168247c5f96e37693b115098599f6043d317d636c85c089c297ebf3fea,True,479,45423,.md,reviewed,semantic_coverage_b,receipt=results/semantic-coverage-receipt.jsonl
ai-governance-legal/README.md,134eabcbef49f73e9f8e4bcf8d3815d16efeee03cebc6d813789ced5d0a4390f,True,146,7880,.md,reviewed,semantic_coverage_b,receipt=results/semantic-coverage-receipt.jsonl
ai-governance-legal/references/currency-watch.md,d3698887e74707aa52dfedaaa903f03e242eba91ede8b047a1b7473270600f15,True,38,3531,.md,reviewed,semantic_coverage_b,receipt=results/semantic-coverage-receipt.jsonl
ai-governance-legal/skills/ai-inventory/SKILL.md,b128f93b3e89b8f8c6a52d375257c31a59b0ccb140495da9395a30a822446cf1,True,253,11552,.md,reviewed,semantic_coverage_b,receipt=results/semantic-coverage-receipt.jsonl
ai-governance-legal/skills/aia-generation/SKILL.md,8401265aa4fa15eedac6840384c8d25de1985030ed4cad4c4efa765144cb95a7,True,399,26834,.md,reviewed,semantic_coverage_a,receipt=results/semantic-coverage-receipt.jsonl
ai-governance-legal/skills/cold-start-interview/SKILL.md,1a99a5b1236bf4f95768a212d8b1f7cffa1b8cabe040eaa349341f55b7f8fa49,True,688,48154,.md,reviewed,semantic_coverage_a,receipt=results/semantic-coverage-receipt.jsonl
ai-governance-legal/skills/customize/SKILL.md,7668accaa74de788cee5ac37382dae58a0c8002cc0eeccb2a52cd94a1f494f52,True,114,5678,.md,reviewed,semantic_coverage_b,receipt=results/semantic-coverage-receipt.jsonl
ai-governance-legal/skills/matter-workspace/SKILL.md,ce357f0aaaf874651bfeafddcc2fce5d60297c656a14f81819be9db911a07d67,True,185,10124,.md,reviewed,semantic_coverage_a,receipt=results/semantic-coverage-receipt.jsonl
ai-governance-legal/skills/policy-monitor/SKILL.md,2b518c01a583350b3d8a61a12c0dbd9dd92e8b0ef5fe2fa626a55605ac3b6295,True,354,15435,.md,reviewed,semantic_coverage_b,receipt=results/semantic-coverage-receipt.jsonl
ai-governance-legal/skills/policy-starter/SKILL.md,60b9828f334dd7f6fcec57b2fb0322e9f226122ab10ab8dc90dee7efdc3cf890,True,262,16062,.md,reviewed,semantic_coverage_a,receipt=results/semantic-coverage-receipt.jsonl
ai-governance-legal/skills/reg-gap-analysis/SKILL.md,b80fdf9d748da3165648458a04705027277422c13522cca5806e91fa453e1243,True,241,14987,.md,reviewed,semantic_coverage_a,receipt=results/semantic-coverage-receipt.jsonl
ai-governance-legal/skills/use-case-triage/SKILL.md,11bbf1f76bf890a4ca5105ea9835d58d3adf3fd80df72bb610b27ea71be25d4f,True,320,19599,.md,reviewed,semantic_coverage_b,receipt=results/semantic-coverage-receipt.jsonl
ai-governance-legal/skills/vendor-ai-review/SKILL.md,2eb6c0eca4959dbd5d46089b55b3486a55ff524bbb5e23416dafb706f318e5bd,True,323,21183,.md,reviewed,semantic_coverage_a,receipt=results/semantic-coverage-receipt.jsonl
CLA.md,13955e2a05b66954f9a32f5f7b6a26966f23de63893f6729fed7e8b143718a0c,True,39,6153,.md,reviewed,semantic_coverage_b,receipt=results/semantic-coverage-receipt.jsonl
CLAUDE.md,5797099c8a65d1318df36d996b0799a9f48e1254c0cbb908482b7e8983f26756,True,130,6165,.md,reviewed,semantic_coverage_b,receipt=results/semantic-coverage-receipt.jsonl
CODE_OF_CONDUCT.md,d889d74f9c1b57a7610d7547c3ff6ba806496ca8813cd0035ea9288747e15cb9,True,37,1923,.md,reviewed,semantic_coverage_a,receipt=results/semantic-coverage-receipt.jsonl
commercial-legal/.claude-plugin/plugin.json,3acc7ca09afdc4b83e0fc6733fc67ecfe80e6e806c3f60062b6f45eee95d6975,True,8,420,.json,reviewed,semantic_coverage_b,receipt=results/semantic-coverage-receipt.jsonl
commercial-legal/.gitignore,e48d69406979f6930a9a6135f795c482d5b78aaa99cce6b317ab40786ff41ecb,True,1,11,,reviewed,semantic_coverage_a,receipt=results/semantic-coverage-receipt.jsonl
commercial-legal/.mcp.json,ef3c6465ee3ab648f3caa3dcf52d7709766e17c97053cb6b0bce4ef51e6d2c58,True,56,2069,.json,reviewed,semantic_coverage_a,receipt=results/semantic-coverage-receipt.jsonl
commercial-legal/agents/deal-debrief.md,e9c97f2a8ebde9cc581fddce66b1f7af7f2901371bc40bb0d2a4b626758b17a2,True,176,8233,.md,reviewed,semantic_coverage_a,receipt=results/semantic-coverage-receipt.jsonl
commercial-legal/agents/playbook-monitor.md,055be0aa0d4242426b959492db1ec83b6f87dac4073179b4aa8f643e449f4cbd,True,190,9201,.md,reviewed,semantic_coverage_a,receipt=results/semantic-coverage-receipt.jsonl
commercial-legal/agents/renewal-watcher.md,b85c847e9ef4b2690584c5a21d1f481ed94a8053f6a66f05234f49c68544cce7,True,55,2101,.md,reviewed,semantic_coverage_a,receipt=results/semantic-coverage-receipt.jsonl
commercial-legal/CLAUDE.md,3ff529ac6d2ae03ae2a49dc3f0d788207ed71e22d40d926de838ca408e9d028a,True,509,44346,.md,reviewed,semantic_coverage_a,receipt=results/semantic-coverage-receipt.jsonl
commercial-legal/hooks/hooks.json,b56c9265773cc456d686833a5102f34eae5da1dba76a822276974d1c5f7fa4d9,True,3,21,.json,reviewed,semantic_coverage_a,receipt=results/semantic-coverage-receipt.jsonl
commercial-legal/logs/.gitkeep,e3b0c44298fc1c149afbf4c8996fb92427ae41e4649b934ca495991b7852b855,True,0,0,,reviewed,semantic_coverage_b,receipt=results/semantic-coverage-receipt.jsonl
commercial-legal/README.md,a1911b191b93b9586cef028c47b5fc90ec66177beca566eb86770e78e0757adb,True,144,8707,.md,reviewed,semantic_coverage_a,receipt=results/semantic-coverage-receipt.jsonl
commercial-legal/skills/amendment-history/SKILL.md,6224ec1b48eaaf60ab541bf985fadbade97df4977181c1f920990c947f5813e2,True,298,11327,.md,reviewed,semantic_coverage_b,receipt=results/semantic-coverage-receipt.jsonl
commercial-legal/skills/cold-start-interview/SKILL.md,5d9b620471d1cb6b17eb26225b121af2dfa2a869761c1fc3855383a02c52760b,True,643,50103,.md,reviewed,semantic_coverage_b,receipt=results/semantic-coverage-receipt.jsonl
commercial-legal/skills/customize/SKILL.md,17a855a4005542b0c043f30bbc870a8e626442ea9b1edff879a3c9f56bc22952,True,101,4823,.md,reviewed,semantic_coverage_a,receipt=results/semantic-coverage-receipt.jsonl
commercial-legal/skills/escalation-flagger/SKILL.md,fcbd79d70f251ccf33a87865728039da6af7547cd11d0a00766e472b68051a62,True,159,8879,.md,reviewed,semantic_coverage_a,receipt=results/semantic-coverage-receipt.jsonl
commercial-legal/skills/matter-workspace/SKILL.md,643ed3c703c890aa4b7bedb38ed4741c0e4795283e52ef93cb6a833b6a627180,True,184,9997,.md,reviewed,semantic_coverage_b,receipt=results/semantic-coverage-receipt.jsonl
commercial-legal/skills/nda-review/SKILL.md,8a29e3eac8fcbc312f888d07043e12e5a117c295711cb774f8bf2575ec47b588,True,312,20600,.md,reviewed,semantic_coverage_a,receipt=results/semantic-coverage-receipt.jsonl
commercial-legal/skills/renewal-tracker/references/renewal-register.yaml,53cc5a4f78df8d5de47fc9d7709963e73925709295ddd588f3890ef4e683baee,True,25,841,.yaml,reviewed,semantic_coverage_b,receipt=results/semantic-coverage-receipt.jsonl
commercial-legal/skills/renewal-tracker/SKILL.md,22296ce0f98cc02d02040bf6c0a638d557485f8d3a363540e9e63c025915eeae,True,199,12803,.md,reviewed,semantic_coverage_b,receipt=results/semantic-coverage-receipt.jsonl
commercial-legal/skills/review/SKILL.md,b37dd58a5e782eca1e7bb9663d92a5cdf51584f0fec419512814c866d5688117,True,110,5571,.md,reviewed,semantic_coverage_a,receipt=results/semantic-coverage-receipt.jsonl
commercial-legal/skills/review-proposals/SKILL.md,771fa7fa4e7cfa3e2174ed9b46b74325142c86ab509b6ec90534379769969c98,True,39,1681,.md,reviewed,semantic_coverage_b,receipt=results/semantic-coverage-receipt.jsonl
commercial-legal/skills/saas-msa-review/SKILL.md,28b2adfda975f04ea81a9eff64b27c98728efe648d2bbcbf525832b365ef2997,True,245,21542,.md,reviewed,semantic_coverage_a,receipt=results/semantic-coverage-receipt.jsonl
commercial-legal/skills/stakeholder-summary/SKILL.md,b2f09d9640644f35d72de7d65b97428fb8c6c42370dd1b6333340905551ba941,True,192,13372,.md,reviewed,semantic_coverage_a,receipt=results/semantic-coverage-receipt.jsonl
commercial-legal/skills/vendor-agreement-review/SKILL.md,e7b1e407918289eecebbe413ae353819fcada1508e08f46069d8db204495a854,True,343,24176,.md,reviewed,semantic_coverage_a,receipt=results/semantic-coverage-receipt.jsonl
CONNECTORS.md,ab5787080c45643451968ee0c9917945449db20d091b04ba77463cf745b4be92,True,66,4543,.md,reviewed,semantic_coverage_b,receipt=results/semantic-coverage-receipt.jsonl
CONTRIBUTING.md,61f3d17b921e469c0461dc691a1bdf42a4dcc9453469c969e50bd5c1339dcc6b,True,82,4575,.md,reviewed,semantic_coverage_a,receipt=results/semantic-coverage-receipt.jsonl
corporate-legal/.claude-plugin/plugin.json,8dbd6503314e9dd27766063c7306bb28bdf9dbec8b00da6ff27af85e6d26713c,True,8,344,.json,reviewed,semantic_coverage_b,receipt=results/semantic-coverage-receipt.jsonl
corporate-legal/.gitignore,e48d69406979f6930a9a6135f795c482d5b78aaa99cce6b317ab40786ff41ecb,True,1,11,,reviewed,semantic_coverage_a,receipt=results/semantic-coverage-receipt.jsonl
corporate-legal/.mcp.json,04ac10f71f3844037b1b385fcb8aaaa91fa0fcfc6040b91452c6ecd117dba653,True,55,1993,.json,reviewed,semantic_coverage_b,receipt=results/semantic-coverage-receipt.jsonl
corporate-legal/agents/dataroom-watcher.md,e7cea37f4d0bcfc9669a509da7a0116a1e26f9b6c98ab8a8d35557d7b571df37,True,54,2166,.md,reviewed,semantic_coverage_b,receipt=results/semantic-coverage-receipt.jsonl
corporate-legal/CLAUDE.md,c0bc5b9e1703eac34ae3fa7a21880dc698c0874b331830a5e0d10b27e3b55906,True,478,45142,.md,reviewed,semantic_coverage_b,receipt=results/semantic-coverage-receipt.jsonl
corporate-legal/hooks/hooks.json,b56c9265773cc456d686833a5102f34eae5da1dba76a822276974d1c5f7fa4d9,True,3,21,.json,reviewed,semantic_coverage_b,receipt=results/semantic-coverage-receipt.jsonl
corporate-legal/README.md,436874a42da4a26c314ad6e7150b4d08784c09e7ddf6fcace5f30afd13ed20ce,True,99,7147,.md,reviewed,semantic_coverage_b,receipt=results/semantic-coverage-receipt.jsonl
corporate-legal/skills/ai-tool-handoff/SKILL.md,c49fd0111bbbc5e036a5735a5b1ac45ed4a0a32e78312e4a41afac6581d8c815,True,133,7097,.md,reviewed,semantic_coverage_a,receipt=results/semantic-coverage-receipt.jsonl
corporate-legal/skills/board-minutes/SKILL.md,90f958039d50d663ee95b8f13f11081d3d937c53b05a9921d592d79a3191c4ab,True,248,13306,.md,reviewed,semantic_coverage_b,receipt=results/semantic-coverage-receipt.jsonl
corporate-legal/skills/closing-checklist/SKILL.md,d93ad79459ded4bc324816b786d882ae304c72836981d4622e73423ea8d5021d,True,207,11934,.md,reviewed,semantic_coverage_b,receipt=results/semantic-coverage-receipt.jsonl
corporate-legal/skills/cold-start-interview/SKILL.md,4de0d42fe37757ad984cc3c9017ae4d31f76a360862c0398d0e1732df4aa9380,True,500,42229,.md,reviewed,semantic_coverage_b,receipt=results/semantic-coverage-receipt.jsonl
corporate-legal/skills/customize/SKILL.md,127fd7ec3b86072fc21c233ab25a2e99d244f475b89c74ae6127ec74c96c1f3e,True,102,4839,.md,reviewed,semantic_coverage_b,receipt=results/semantic-coverage-receipt.jsonl
corporate-legal/skills/deal-team-summary/SKILL.md,c730ca19b569ebb7bdad9d8936c5f79ee36fc05263dbb0711bce40a7e4c78147,True,126,5223,.md,reviewed,semantic_coverage_b,receipt=results/semantic-coverage-receipt.jsonl
corporate-legal/skills/diligence-issue-extraction/SKILL.md,77c4551b77d512812bc6465d798d0bf9dbcffe10389aeba06803c6d196df4a79,True,189,13437,.md,reviewed,semantic_coverage_a,receipt=results/semantic-coverage-receipt.jsonl
corporate-legal/skills/entity-compliance/SKILL.md,bd039cbffcd4625d942dbacb35eb18d337b4418bceaba3f9674f9f6b3c97cd12,True,459,22044,.md,reviewed,semantic_coverage_a,receipt=results/semantic-coverage-receipt.jsonl
corporate-legal/skills/integration-management/SKILL.md,181bbff55e5024596b25f2f49fb92191ecbff7013acc094f89a7343107d2bb62,True,553,23937,.md,reviewed,semantic_coverage_b,receipt=results/semantic-coverage-receipt.jsonl
corporate-legal/skills/material-contract-schedule/SKILL.md,e24ad49592e2acbd7e916f1659fcf137d772914385a363ebc325c1b7affe533b,True,148,6725,.md,reviewed,semantic_coverage_a,receipt=results/semantic-coverage-receipt.jsonl
corporate-legal/skills/matter-workspace/SKILL.md,8aa41594e95fdbff8fc31bf424513b93a685fe5b30e7a98f0bb7aaa610a0fb7f,True,185,10066,.md,reviewed,semantic_coverage_a,receipt=results/semantic-coverage-receipt.jsonl
corporate-legal/skills/tabular-review/references/excel-output.md,f0cb8a224671a61da08f4b5a82c563359cfcf220b1e42707471607f7d0a0caae,True,59,3285,.md,reviewed,semantic_coverage_b,receipt=results/semantic-coverage-receipt.jsonl
corporate-legal/skills/tabular-review/references/gsheets-output.md,301ede954f7e2715cdc0f1a9248c4f16c8ebc3bd652a73ec3e75131f213aecf8,True,67,4915,.md,reviewed,semantic_coverage_a,receipt=results/semantic-coverage-receipt.jsonl
corporate-legal/skills/tabular-review/references/ma-diligence-columns.md,c991976901199e8f9d0d4e903f3bed7e25142af72089bef9ead0468faecb0cfc,True,137,5810,.md,reviewed,semantic_coverage_b,receipt=results/semantic-coverage-receipt.jsonl
corporate-legal/skills/tabular-review/SKILL.md,1f0ae9734ce983cc37451c31fa7b2272869a00cf4687965d38678d6f7f91de9c,True,235,17637,.md,reviewed,semantic_coverage_b,receipt=results/semantic-coverage-receipt.jsonl
corporate-legal/skills/written-consent/SKILL.md,dafbb6242bb3ff9b21603084a8cc4c8f5656a72ff60725f467a8ae013946a064,True,323,20877,.md,reviewed,semantic_coverage_a,receipt=results/semantic-coverage-receipt.jsonl
employment-legal/.claude-plugin/plugin.json,2b5da6141b9905b255fb812772124cb3b2da904a438518f47ebab9c4e609dcd6,True,8,392,.json,reviewed,semantic_coverage_b,receipt=results/semantic-coverage-receipt.jsonl
employment-legal/.gitignore,e48d69406979f6930a9a6135f795c482d5b78aaa99cce6b317ab40786ff41ecb,True,1,11,,reviewed,semantic_coverage_b,receipt=results/semantic-coverage-receipt.jsonl
employment-legal/.mcp.json,fd3210891f737cd80e501ba123df2f2c8508c15b28c20df51c1b017ad046b50c,True,22,552,.json,reviewed,semantic_coverage_a,receipt=results/semantic-coverage-receipt.jsonl
employment-legal/agents/leave-tracker.md,5292853ab091a951dda32f3751886d956348d3bf1ab97a2fda9722388979f8e7,True,286,12818,.md,reviewed,semantic_coverage_a,receipt=results/semantic-coverage-receipt.jsonl
employment-legal/CLAUDE.md,72f101c12d47216d45e5fc5fd7809016185d606063fa6b80c80f219941c4bd92,True,399,40270,.md,reviewed,semantic_coverage_a,receipt=results/semantic-coverage-receipt.jsonl
employment-legal/data/.gitkeep,e3b0c44298fc1c149afbf4c8996fb92427ae41e4649b934ca495991b7852b855,True,0,0,,reviewed,semantic_coverage_b,receipt=results/semantic-coverage-receipt.jsonl
employment-legal/hooks/hooks.json,b56c9265773cc456d686833a5102f34eae5da1dba76a822276974d1c5f7fa4d9,True,3,21,.json,reviewed,semantic_coverage_b,receipt=results/semantic-coverage-receipt.jsonl
employment-legal/README.md,c30cc33e950e3c280b6878e17a39cfc45304619845a6a225834e713de075d022,True,71,5835,.md,reviewed,semantic_coverage_a,receipt=results/semantic-coverage-receipt.jsonl
employment-legal/skills/cold-start-interview/SKILL.md,c110ad3c0b2c87b8a089e13befc16ad371493654af020f836bbf08ed28db5207,True,324,32471,.md,reviewed,semantic_coverage_b,receipt=results/semantic-coverage-receipt.jsonl
employment-legal/skills/customize/SKILL.md,8a0541ea33976e0c0c244b19e18abe630f47c9758d52c34ccdc20a8f1ba46a5b,True,104,4987,.md,reviewed,semantic_coverage_b,receipt=results/semantic-coverage-receipt.jsonl
employment-legal/skills/expansion-kickoff/SKILL.md,56db88ec93420e6a2b123d606c2389d5a006b1325d2baa5267d4d08cb012d541,True,41,1674,.md,reviewed,semantic_coverage_a,receipt=results/semantic-coverage-receipt.jsonl
employment-legal/skills/expansion-update/SKILL.md,058b56fa4c44d922af9ae40d686521d9efca03d5517076dcf472f8c3beebb34a,True,74,2487,.md,reviewed,semantic_coverage_b,receipt=results/semantic-coverage-receipt.jsonl
employment-legal/skills/handbook-updates/SKILL.md,940205a727c2c761e34944434a34f38fff779fc52b697908fafeade6fc309f0e,True,107,3788,.md,reviewed,semantic_coverage_a,receipt=results/semantic-coverage-receipt.jsonl
employment-legal/skills/hiring-review/SKILL.md,bd2e77f630d48ab546c52266907a85144d7fbc45d7383c5cc44cebd8f271520b,True,213,13574,.md,reviewed,semantic_coverage_a,receipt=results/semantic-coverage-receipt.jsonl
employment-legal/skills/internal-investigation/SKILL.md,becca82866db55981f67b48789abb3666d2d752ce35dd3bc1ec00d77c4ef28d0,True,765,28704,.md,reviewed,semantic_coverage_a,receipt=results/semantic-coverage-receipt.jsonl
employment-legal/skills/international-expansion/SKILL.md,011ad3105901b7ca432513187207faf425fda23297e06a056648fea0eeb03051,True,361,16041,.md,reviewed,semantic_coverage_b,receipt=results/semantic-coverage-receipt.jsonl
employment-legal/skills/investigation-add/SKILL.md,5434daa5d634d5aeea8aeaa7a861674b57bcc2963f5a1d48784bd4bd1b662a6f,True,39,1398,.md,reviewed,semantic_coverage_a,receipt=results/semantic-coverage-receipt.jsonl
employment-legal/skills/investigation-memo/SKILL.md,2ac46e5d1c0bbc5fbec9e5e1083afa3dce9331e9d51db07e3ac2d8935f18c6c6,True,36,1192,.md,reviewed,semantic_coverage_a,receipt=results/semantic-coverage-receipt.jsonl
employment-legal/skills/investigation-open/SKILL.md,b1da7ed6496cfbda04da10b8e5bb6a6232c700c1cc32ebb8332995644183971f,True,36,1195,.md,reviewed,semantic_coverage_a,receipt=results/semantic-coverage-receipt.jsonl
employment-legal/skills/investigation-query/SKILL.md,75a45f1cf1830c4a2a8b13205cfb2ca81cbaeb642f95650e5eb0f857a2ec00c0,True,44,1453,.md,reviewed,semantic_coverage_a,receipt=results/semantic-coverage-receipt.jsonl
employment-legal/skills/investigation-summary/SKILL.md,fcb47ec38cadedeeb8bc5da63460ef783893e25c2ffbc007adb6888856fae3e2,True,40,1345,.md,reviewed,semantic_coverage_a,receipt=results/semantic-coverage-receipt.jsonl
employment-legal/skills/leave-tracker/SKILL.md,7b3b42f3296a2d54f3f3ad3609c77c28bd1f686c2fba5a4238b4c124a71f4c76,True,36,1310,.md,reviewed,semantic_coverage_b,receipt=results/semantic-coverage-receipt.jsonl
employment-legal/skills/log-leave/SKILL.md,d6fc802b35086c66c210a035b6714d64a9ae40344d5fe36c1889937cd82960ac,True,59,2590,.md,reviewed,semantic_coverage_b,receipt=results/semantic-coverage-receipt.jsonl
employment-legal/skills/matter-workspace/SKILL.md,7039db3631566c6cbf28257040bbff4a8e5b09642c4a218a2b3b5db099dd5ae8,True,187,10101,.md,reviewed,semantic_coverage_b,receipt=results/semantic-coverage-receipt.jsonl
employment-legal/skills/policy-drafting/SKILL.md,ab1b53f2de6faccbc92144d3f226d0ba495d2694d52246ed7084cdddf30a5d80,True,131,5647,.md,reviewed,semantic_coverage_b,receipt=results/semantic-coverage-receipt.jsonl
employment-legal/skills/termination-review/SKILL.md,4a0ddb50788d310a1094d458395af79f0f1e641e04511b95fbc6d52a77ca92e7,True,283,17000,.md,reviewed,semantic_coverage_a,receipt=results/semantic-coverage-receipt.jsonl
employment-legal/skills/wage-hour-qa/SKILL.md,e7b45cdc43341fe84ea6bd251c5d916db054187d23b22f3f8adf2bac1adeae1b,True,214,13594,.md,reviewed,semantic_coverage_a,receipt=results/semantic-coverage-receipt.jsonl
employment-legal/skills/worker-classification/SKILL.md,2a19702c8408f7045e3a93d33959130325056b1cbb19132c331fa80599efc371,True,399,22634,.md,reviewed,semantic_coverage_b,receipt=results/semantic-coverage-receipt.jsonl
external_plugins/cocounsel-legal/.claude-plugin/plugin.json,c65a91c8b5643cf74204531f24f17ea85e61e40457ee6e3efdbf940f10e300e2,True,9,309,.json,reviewed,semantic_coverage_a,receipt=results/semantic-coverage-receipt.jsonl
external_plugins/cocounsel-legal/.mcp.json,734ac7d25c35973548158c10b69e26da36b21e5fced5e2328e08526ea8c9d88a,True,11,227,.json,reviewed,semantic_coverage_a,receipt=results/semantic-coverage-receipt.jsonl
external_plugins/cocounsel-legal/README.md,c25fbc910783cbaa17c007ae2da144372532aa63514a2d725cfd0e2980869df7,True,46,3181,.md,reviewed,semantic_coverage_b,receipt=results/semantic-coverage-receipt.jsonl
external_plugins/cocounsel-legal/skills/deep-research/SKILL.md,3c171f74dbeb2f3c75d81828be3dbabf1adee87564fd44a28cdb4c9531d83ff1,True,132,7828,.md,reviewed,semantic_coverage_b,receipt=results/semantic-coverage-receipt.jsonl
ip-legal/.claude-plugin/plugin.json,bcb84f952f1a99ad8bb1fce55c8da27ab424cb6e774cd38e3cdab90a8537b2b2,True,8,424,.json,reviewed,semantic_coverage_a,receipt=results/semantic-coverage-receipt.jsonl
ip-legal/.gitignore,e48d69406979f6930a9a6135f795c482d5b78aaa99cce6b317ab40786ff41ecb,True,1,11,,reviewed,semantic_coverage_a,receipt=results/semantic-coverage-receipt.jsonl
ip-legal/.mcp.json,f3c84ce90b3a7c0c9528d37cc3ea5b3ef30d7072e29e178d84799d0da92e96c0,True,42,1518,.json,reviewed,semantic_coverage_a,receipt=results/semantic-coverage-receipt.jsonl
ip-legal/agents/ip-renewal-watcher.md,d9123cc0dfd09960fcade2f0bb12f03b35841252c8bc31d8ce1c25ab4d2a28d9,True,114,4808,.md,reviewed,semantic_coverage_b,receipt=results/semantic-coverage-receipt.jsonl
ip-legal/CLAUDE.md,61293011e629fb96376aeb0400ab1b82d123d791d366439600db9289be49c3ed,True,395,42339,.md,reviewed,semantic_coverage_a,receipt=results/semantic-coverage-receipt.jsonl
ip-legal/hooks/hooks.json,b56c9265773cc456d686833a5102f34eae5da1dba76a822276974d1c5f7fa4d9,True,3,21,.json,reviewed,semantic_coverage_b,receipt=results/semantic-coverage-receipt.jsonl
ip-legal/logs/.gitkeep,e3b0c44298fc1c149afbf4c8996fb92427ae41e4649b934ca495991b7852b855,True,0,0,,reviewed,semantic_coverage_b,receipt=results/semantic-coverage-receipt.jsonl
ip-legal/README.md,8f5e920c002b10b7bc0f97163952ebc5ecf8203ec7f4d1d20dbb8bc4edc22b74,True,169,11872,.md,reviewed,semantic_coverage_b,receipt=results/semantic-coverage-receipt.jsonl
ip-legal/skills/cease-desist/SKILL.md,0a0f8c6aaa9eb84561eb96a428d8135f217d37487430f4b759467093e490e892,True,501,38657,.md,reviewed,semantic_coverage_b,receipt=results/semantic-coverage-receipt.jsonl
ip-legal/skills/clearance/SKILL.md,5bf16cb5a902361a24147ac2817c3386a84029730c098966b2e6db0559fae989,True,497,27758,.md,reviewed,semantic_coverage_a,receipt=results/semantic-coverage-receipt.jsonl
ip-legal/skills/cold-start-interview/SKILL.md,7eab7537f22be71d8f44d0656887af2f72dbee15052b2c39b051b68aa13c1bab,True,479,42954,.md,reviewed,semantic_coverage_b,receipt=results/semantic-coverage-receipt.jsonl
ip-legal/skills/customize/SKILL.md,bf15b9f0a88f36b747741f6c05fb59b0bc4a49eda918529338b464d7aa0a9aa6,True,103,4867,.md,reviewed,semantic_coverage_a,receipt=results/semantic-coverage-receipt.jsonl
ip-legal/skills/fto-triage/SKILL.md,53729bb9c7429fa5125a3247eefc54bebd35bc5b0716f70491d8c71c9b19a01d,True,537,26362,.md,reviewed,semantic_coverage_a,receipt=results/semantic-coverage-receipt.jsonl
ip-legal/skills/infringement-triage/SKILL.md,aa6bba134df1cf67ad1a01ef1ee633bf29fd9a4eb92a70f3fd4554e3afd4d4b9,True,628,30078,.md,reviewed,semantic_coverage_b,receipt=results/semantic-coverage-receipt.jsonl
ip-legal/skills/invention-intake/SKILL.md,b48ff8cecacbcbad4d781fe6d64815be6d01fe54a463a7beac9faf2239337e1f,True,472,23204,.md,reviewed,semantic_coverage_a,receipt=results/semantic-coverage-receipt.jsonl
ip-legal/skills/ip-clause-review/SKILL.md,c483437c4eddc2b222c7fb879ed63c71919b39d3dee4f8b5dd54b2e26827924b,True,286,20131,.md,reviewed,semantic_coverage_a,receipt=results/semantic-coverage-receipt.jsonl
ip-legal/skills/matter-workspace/SKILL.md,63389c40bc845994a4c21c4daa56add85ca5b431b9470513f1735792d22ca8f1,True,184,10202,.md,reviewed,semantic_coverage_a,receipt=results/semantic-coverage-receipt.jsonl
ip-legal/skills/oss-review/SKILL.md,44cd22a7e32c126235152f7a98d2859120f9b151ddb4846e8f5f704366a715e4,True,283,20269,.md,reviewed,semantic_coverage_b,receipt=results/semantic-coverage-receipt.jsonl
ip-legal/skills/portfolio/SKILL.md,980a9861ca181cca2a0d77f90d3c60d7d30726541fb985442cc67600741643a2,True,539,21999,.md,reviewed,semantic_coverage_b,receipt=results/semantic-coverage-receipt.jsonl
ip-legal/skills/takedown/SKILL.md,5a9430fe5a4e51052f54a577637bc800d0d5727cc806a4cec0e14807a8d2b563,True,447,32402,.md,reviewed,semantic_coverage_b,receipt=results/semantic-coverage-receipt.jsonl
law-student/.claude-plugin/plugin.json,44fa4c7bcdbb9fd8c04829bafd38a4adfe86c4fbc371ecc5d9fa1d72cad8bb76,True,8,315,.json,reviewed,semantic_coverage_a,receipt=results/semantic-coverage-receipt.jsonl
law-student/.gitignore,e48d69406979f6930a9a6135f795c482d5b78aaa99cce6b317ab40786ff41ecb,True,1,11,,reviewed,semantic_coverage_a,receipt=results/semantic-coverage-receipt.jsonl
law-student/.mcp.json,06d49353dd6f79c7c6b1d088c995711e4bbd7b54e2a282711c9716c4eebcf03a,True,34,1177,.json,reviewed,semantic_coverage_b,receipt=results/semantic-coverage-receipt.jsonl
law-student/CLAUDE.md,fc9eec756f864e51356e7e6803124873ba8e3f369ffa5ec2c85d7fb14c7c72a8,True,341,35653,.md,reviewed,semantic_coverage_b,receipt=results/semantic-coverage-receipt.jsonl
law-student/hooks/hooks.json,b56c9265773cc456d686833a5102f34eae5da1dba76a822276974d1c5f7fa4d9,True,3,21,.json,reviewed,semantic_coverage_a,receipt=results/semantic-coverage-receipt.jsonl
law-student/README.md,6b3734d6015423be27b26f5410eb10db977070ccdeab0ce168c6bf56150a3065,True,105,9440,.md,reviewed,semantic_coverage_b,receipt=results/semantic-coverage-receipt.jsonl
law-student/skills/bar-prep-questions/SKILL.md,eaeb9d21a6583046ac1420e590620f4ec208a97092c7743a69f91fd8f25e101a,True,270,20121,.md,reviewed,semantic_coverage_a,receipt=results/semantic-coverage-receipt.jsonl
law-student/skills/case-brief/SKILL.md,9560e3eed6f5ffdf489233f3c0c54b4ecf6645d4c769a5b091b51effa2228661,True,108,6602,.md,reviewed,semantic_coverage_b,receipt=results/semantic-coverage-receipt.jsonl
law-student/skills/cold-call-prep/SKILL.md,bd51a79e1273a25dbaf659e364e1b6eb02e51dd3da818711ee0f510a13bef741,True,133,7349,.md,reviewed,semantic_coverage_a,receipt=results/semantic-coverage-receipt.jsonl
law-student/skills/cold-start-interview/SKILL.md,735b05b2773c5a2907b8c05b9f5e2e82ae14e286b8dd6fb8ea3ff017a075bace,True,308,29559,.md,reviewed,semantic_coverage_a,receipt=results/semantic-coverage-receipt.jsonl
law-student/skills/customize/SKILL.md,aafb22c1a6cf813f3c14171069c9ac1520d72a82f9643b6f1a40094a3969335c,True,88,4093,.md,reviewed,semantic_coverage_b,receipt=results/semantic-coverage-receipt.jsonl
law-student/skills/exam-forecast/SKILL.md,27aa9d3796cd7312f0ba65b0ed866ae2bd20c2416c0e8829f59b3b30064b1b32,True,165,9370,.md,reviewed,semantic_coverage_a,receipt=results/semantic-coverage-receipt.jsonl
law-student/skills/flashcards/SKILL.md,1fdc544c2173713e30a9ae69ac26f5bc71231678d10190b67286f7018965943f,True,158,8676,.md,reviewed,semantic_coverage_b,receipt=results/semantic-coverage-receipt.jsonl
law-student/skills/irac-practice/SKILL.md,5ccde39ad997cb1b8b28715b31fce0eebfa4272b6596a6777eaa49df2e830265,True,178,10625,.md,reviewed,semantic_coverage_a,receipt=results/semantic-coverage-receipt.jsonl
law-student/skills/legal-writing/SKILL.md,4e7b0505804e281b473619adcdd314f9ed3a4412cf95fb39c9f5b292dc3c99b7,True,167,9322,.md,reviewed,semantic_coverage_b,receipt=results/semantic-coverage-receipt.jsonl
law-student/skills/outline-builder/SKILL.md,8651dbfb2a30b152c33b5eb666ff56936399abd5b74b3959e3c29a21f12d4ccc,True,152,9539,.md,reviewed,semantic_coverage_a,receipt=results/semantic-coverage-receipt.jsonl
law-student/skills/session/SKILL.md,ee4b944aabdd803044f45170a06a82fa2811cb05e8b015c2b34d672dbd55a44f,True,31,1949,.md,reviewed,semantic_coverage_b,receipt=results/semantic-coverage-receipt.jsonl
law-student/skills/socratic-drill/SKILL.md,cb293135a114b4e9220e6f0a6d74b32abca845359e2becc153310bbb75a274e3,True,101,6455,.md,reviewed,semantic_coverage_a,receipt=results/semantic-coverage-receipt.jsonl
law-student/skills/study-plan/SKILL.md,a6b688808f86f3ab21b9c21014f05ca305a7a7646f2b7ca06fd5b946ac2aab82,True,248,14227,.md,reviewed,semantic_coverage_a,receipt=results/semantic-coverage-receipt.jsonl
legal-builder-hub/.claude-plugin/plugin.json,0954430ba947349bfb11c5231cd36f7f97152efdb68093cc66716f8de67b733b,True,8,259,.json,reviewed,semantic_coverage_b,receipt=results/semantic-coverage-receipt.jsonl
legal-builder-hub/.gitignore,e48d69406979f6930a9a6135f795c482d5b78aaa99cce6b317ab40786ff41ecb,True,1,11,,reviewed,semantic_coverage_a,receipt=results/semantic-coverage-receipt.jsonl
legal-builder-hub/.mcp.json,242f694a9a78b3126c3dcfbd0f72b3028fccc4e1b5b131d71e38fb367295a325,True,27,808,.json,reviewed,semantic_coverage_a,receipt=results/semantic-coverage-receipt.jsonl
legal-builder-hub/agents/registry-sync.md,a17758d6742f48f04c7aa8446404a517bfc8d410e157803320cde130de57fa76,True,46,1266,.md,reviewed,semantic_coverage_a,receipt=results/semantic-coverage-receipt.jsonl
legal-builder-hub/CLAUDE.md,946a6a81c6f40284db13860813d127e0e19a4fe0923b73e98827b04421618725,True,270,32627,.md,reviewed,semantic_coverage_b,receipt=results/semantic-coverage-receipt.jsonl
legal-builder-hub/hooks/hooks.json,b56c9265773cc456d686833a5102f34eae5da1dba76a822276974d1c5f7fa4d9,True,3,21,.json,reviewed,semantic_coverage_a,receipt=results/semantic-coverage-receipt.jsonl
legal-builder-hub/README.md,e0c5946d7696cf556924c94670f70ae9ff7ff6e46df8a440d74f592c97260409,True,92,7866,.md,reviewed,semantic_coverage_a,receipt=results/semantic-coverage-receipt.jsonl
legal-builder-hub/references/allowlist-default.yaml,d97fa397b9d3b33f903932cd2daa05a3702e0ab2206911d1cba11ee7a5084442,True,40,1751,.yaml,reviewed,semantic_coverage_b,receipt=results/semantic-coverage-receipt.jsonl
legal-builder-hub/skills/auto-updater/SKILL.md,5126a23c82358cf3db5d15bf7e0d12fcf32219ce54a73412a12ae6badb4939c6,True,177,8821,.md,reviewed,semantic_coverage_a,receipt=results/semantic-coverage-receipt.jsonl
legal-builder-hub/skills/cold-start-interview/SKILL.md,148a67f51b83a826c138a4229b4dd9aba135627ead8349d500ab41d9671a4f40,True,286,28839,.md,reviewed,semantic_coverage_b,receipt=results/semantic-coverage-receipt.jsonl
legal-builder-hub/skills/customize/SKILL.md,9a463ba1b4c988fcb08c90a56adc2885011301f316438b4c251901afc5890884,True,94,4463,.md,reviewed,semantic_coverage_b,receipt=results/semantic-coverage-receipt.jsonl
legal-builder-hub/skills/disable/SKILL.md,6dec04b6d420b7abd365ca44904030e2115ee95c16427e28d1db388c75128b7b,True,38,1523,.md,reviewed,semantic_coverage_b,receipt=results/semantic-coverage-receipt.jsonl
legal-builder-hub/skills/registry-browser/references/registries.yaml,002fbdca2a9b9580161f05671395204199082f69e7b1e43b8edf689ddd413166,True,14,488,.yaml,reviewed,semantic_coverage_a,receipt=results/semantic-coverage-receipt.jsonl
legal-builder-hub/skills/registry-browser/SKILL.md,695ad7476ae63d23d16cb795cbb6cb180a92964736ea17285f5f6c0930ca22bc,True,82,2571,.md,reviewed,semantic_coverage_b,receipt=results/semantic-coverage-receipt.jsonl
legal-builder-hub/skills/related-skills-surfacer/SKILL.md,1f27c6b7225ab01f6fc7239deb760309543d7c1ad4dd99e37d1414e1139090ea,True,72,3318,.md,reviewed,semantic_coverage_a,receipt=results/semantic-coverage-receipt.jsonl
legal-builder-hub/skills/skill-installer/references/allowlist.md,8ea09e89ce944df03ade509b1da30b2fd76b4097394870af9df4cd264e36877d,True,147,6793,.md,reviewed,semantic_coverage_a,receipt=results/semantic-coverage-receipt.jsonl
legal-builder-hub/skills/skill-installer/references/freshness.md,5e903c17dc5de178e907a548d1f67f3c1842ed0b4554eb4193f34cd3d5862f66,True,96,4753,.md,reviewed,semantic_coverage_a,receipt=results/semantic-coverage-receipt.jsonl
legal-builder-hub/skills/skill-installer/SKILL.md,e789eb94713602ab23c26fbe86d9f85eb726d7e0f2ae7de039bd5a2c82209075,True,505,26670,.md,reviewed,semantic_coverage_b,receipt=results/semantic-coverage-receipt.jsonl
legal-builder-hub/skills/skill-manager/SKILL.md,a10847ce5df8974d814792669636d1111554a9a3fa33a8c7393837ab21b90c9b,True,132,4585,.md,reviewed,semantic_coverage_b,receipt=results/semantic-coverage-receipt.jsonl
legal-builder-hub/skills/skills-qa/SKILL.md,608ec5c3c2192a3db5c2da5d1c8d2fc8930814c95e54672134fb1f0f377c7339,True,699,35467,.md,reviewed,semantic_coverage_a,receipt=results/semantic-coverage-receipt.jsonl
legal-builder-hub/skills/uninstall/SKILL.md,124136422d12cec23f05f60ef2f5722bddf6bd9a77bc6ad0d26f4e116dffea03,True,35,1579,.md,reviewed,semantic_coverage_b,receipt=results/semantic-coverage-receipt.jsonl
legal-clinic/.claude-plugin/plugin.json,6c86baa03e88bdc33b14e04f1e13e30333481e8fc61dec79d523e7c1b534958c,True,8,310,.json,reviewed,semantic_coverage_b,receipt=results/semantic-coverage-receipt.jsonl
legal-clinic/.gitignore,e48d69406979f6930a9a6135f795c482d5b78aaa99cce6b317ab40786ff41ecb,True,1,11,,reviewed,semantic_coverage_b,receipt=results/semantic-coverage-receipt.jsonl
legal-clinic/.mcp.json,4c79872c7e850466479b58f526ef6d293245bbb2a553f480835cfff243ddf74c,True,42,1510,.json,reviewed,semantic_coverage_b,receipt=results/semantic-coverage-receipt.jsonl
legal-clinic/CLAUDE.md,caf52ef86f420b2d3c4328f5767db6df4b231f3e3148e51791501279ea486b94,True,419,43421,.md,reviewed,semantic_coverage_b,receipt=results/semantic-coverage-receipt.jsonl
legal-clinic/client-comms/_README.md,2f3817c98c45fdfeeb6db10e02273af535b3459f2395aecedd047bab93384b6c,True,57,2363,.md,reviewed,semantic_coverage_a,receipt=results/semantic-coverage-receipt.jsonl
legal-clinic/deadlines.yaml,cec1935220d8f0003564714163c9b9298a0891e2bf19b62ff01ef799ff4beb16,True,32,2261,.yaml,reviewed,semantic_coverage_a,receipt=results/semantic-coverage-receipt.jsonl
legal-clinic/handoffs/_README.md,7d42c5ed6b525b48593ed644fab0ce6455cee6484257f96b448c55e7bfe8baff,True,44,1902,.md,reviewed,semantic_coverage_b,receipt=results/semantic-coverage-receipt.jsonl
legal-clinic/hooks/hooks.json,b56c9265773cc456d686833a5102f34eae5da1dba76a822276974d1c5f7fa4d9,True,3,21,.json,reviewed,semantic_coverage_b,receipt=results/semantic-coverage-receipt.jsonl
legal-clinic/README.md,c5ca7bf0c7a4f33daf0951b8ff6e8e3bdb04be1b12e83a9f8ff2cf0493fab84a,True,188,15960,.md,reviewed,semantic_coverage_b,receipt=results/semantic-coverage-receipt.jsonl
legal-clinic/references/plausibility-bands/CA.md,6568bfa105963b5f3aae597c9d53d5f4b3434361bef5f9c5910ae6820272316e,True,46,3861,.md,reviewed,semantic_coverage_b,receipt=results/semantic-coverage-receipt.jsonl
legal-clinic/references/plausibility-bands/IL.md,028e8d30c16b1692cd7bf86795427b484d69cac49f9d6bae9058bc90da3da377,True,44,3274,.md,reviewed,semantic_coverage_b,receipt=results/semantic-coverage-receipt.jsonl
legal-clinic/skills/build-guide/SKILL.md,b26a00058d37ba2cddade44252dfa4ccd8ecfe4c057e0778b9b85e9f884a4791,True,251,15337,.md,reviewed,semantic_coverage_a,receipt=results/semantic-coverage-receipt.jsonl
legal-clinic/skills/client-comms-log/SKILL.md,62ebe345bac6cdfcdffaaa960a67fdb2833127ef6b725c8118d12b784c2d5da1,True,116,6458,.md,reviewed,semantic_coverage_a,receipt=results/semantic-coverage-receipt.jsonl
legal-clinic/skills/client-intake/references/intake-templates/README.md,ab07df627db2b179d43c5f1c4d40c2266505d3d22d87139e1c319b3c9af2edb5,True,14,784,.md,reviewed,semantic_coverage_a,receipt=results/semantic-coverage-receipt.jsonl
legal-clinic/skills/client-intake/SKILL.md,9dd87dd113c43bf526755c24e252249dfb697a7fca28e115e87fe561a5a7b7a8,True,248,13087,.md,reviewed,semantic_coverage_b,receipt=results/semantic-coverage-receipt.jsonl
legal-clinic/skills/client-letter/SKILL.md,33d73f145cc5ab6c6c5dea117030acc3727d60506ff91b08b98eddf28250e370,True,166,8548,.md,reviewed,semantic_coverage_b,receipt=results/semantic-coverage-receipt.jsonl
legal-clinic/skills/cold-start-interview/SKILL.md,a083efe3f4aea8e0d906f63a2e009d452ce6da00aec8ec6e0ecc8560ea7ecbae,True,363,36682,.md,reviewed,semantic_coverage_b,receipt=results/semantic-coverage-receipt.jsonl
legal-clinic/skills/customize/SKILL.md,ce829f3cf0dff3bfedac171820a91987998b8aee1c5b4f0e5313a967026f5c57,True,99,4747,.md,reviewed,semantic_coverage_a,receipt=results/semantic-coverage-receipt.jsonl
legal-clinic/skills/deadlines/SKILL.md,fc5b46ac8cb72cdbd21b59e904e740db5c3d57ba121e5801ca624d21acd69172,True,173,11429,.md,reviewed,semantic_coverage_b,receipt=results/semantic-coverage-receipt.jsonl
legal-clinic/skills/draft/SKILL.md,3920eb82369cf7be710352c0088e7cf7c3ebbcdaa4955a85b12d655475b25b99,True,163,10258,.md,reviewed,semantic_coverage_a,receipt=results/semantic-coverage-receipt.jsonl
legal-clinic/skills/form-generation/SKILL.md,63e317ad314ac77376f3dfd593585c9819e64c88fd5ee52c650fc1cf641b1522,True,19,750,.md,reviewed,semantic_coverage_b,receipt=results/semantic-coverage-receipt.jsonl
legal-clinic/skills/memo/SKILL.md,9e7a8487669cafecc8759ee3416184e2e6c109491d3f317edcda01e925472a8b,True,210,10538,.md,reviewed,semantic_coverage_b,receipt=results/semantic-coverage-receipt.jsonl
legal-clinic/skills/plain-language-letters/SKILL.md,494588e420d47e8be494f9b92dfcbf7ace41ea200def3c8be7e98a55fe83ae7a,True,22,856,.md,reviewed,semantic_coverage_a,receipt=results/semantic-coverage-receipt.jsonl
legal-clinic/skills/ramp/SKILL.md,736ba2fadee115385ab86a6d027015e2a9075cad88567223f2880ac2fa3eb504,True,136,8070,.md,reviewed,semantic_coverage_b,receipt=results/semantic-coverage-receipt.jsonl
legal-clinic/skills/research-start/SKILL.md,0d6b5fd2f1c53ad988785ec61f58d87e5830d2ed7755f5d6ec681f9c23698593,True,203,11698,.md,reviewed,semantic_coverage_b,receipt=results/semantic-coverage-receipt.jsonl
legal-clinic/skills/semester-handoff/SKILL.md,01a88f0300be68894b6f8465675079467635b45d6e34cefdfe7728644a37a190,True,191,10550,.md,reviewed,semantic_coverage_b,receipt=results/semantic-coverage-receipt.jsonl
legal-clinic/skills/status/SKILL.md,33102695597b7a41cb8288f9bab0127f034013aaaa71b8cc1f3c7313cb588fa8,True,194,7850,.md,reviewed,semantic_coverage_a,receipt=results/semantic-coverage-receipt.jsonl
legal-clinic/skills/supervisor-review-queue/references/review-queue.yaml,8e50e7b5bc8b2179b76a940b96fe07162107c20879b84d55827be5ae26f92d02,True,11,223,.yaml,reviewed,semantic_coverage_a,receipt=results/semantic-coverage-receipt.jsonl
legal-clinic/skills/supervisor-review-queue/SKILL.md,27432d23f12b0945adcf43a135a85c4f9545ba56576e0830146a07cb20564e47,True,108,4495,.md,reviewed,semantic_coverage_b,receipt=results/semantic-coverage-receipt.jsonl
LICENSE,3ddf9be5c28fe27dad143a5dc76eea25222ad1dd68934a047064e56ed2fa40c5,True,202,11560,,reviewed,semantic_coverage_b,receipt=results/semantic-coverage-receipt.jsonl
litigation-legal/.claude-plugin/plugin.json,f8ba72939feb17165d2a6b51e01ff642f546bdd140a613726d21a4de9ec8234a,True,8,394,.json,reviewed,semantic_coverage_a,receipt=results/semantic-coverage-receipt.jsonl
litigation-legal/.gitignore,fe734ab8dbddc84fd1802f98efc37f1fbec45351983b2766ed8aa7f41ececfb3,True,5,43,,reviewed,semantic_coverage_b,receipt=results/semantic-coverage-receipt.jsonl
litigation-legal/.mcp.json,a0e75f5141aedfc4ceb1295caed7a995f29c402268333c9d489b724bddf2b070,True,55,2128,.json,reviewed,semantic_coverage_a,receipt=results/semantic-coverage-receipt.jsonl
litigation-legal/agents/docket-watcher.md,99cd70b88ac43aab0a50bea06227202e9a5d77642f66db644db5190d7f22e343,True,70,5298,.md,reviewed,semantic_coverage_a,receipt=results/semantic-coverage-receipt.jsonl
litigation-legal/CLAUDE.md,a6286d10a8975dcc0c8c5a513b4690b8d37744fa476b7cefcbd72b503c88622e,True,585,52456,.md,reviewed,semantic_coverage_b,receipt=results/semantic-coverage-receipt.jsonl
litigation-legal/demand-letters/_README.md,f0530648b04870b6bea96227b42443e44803785c39bdfd4aaed3882ef47807a0,True,45,2300,.md,reviewed,semantic_coverage_a,receipt=results/semantic-coverage-receipt.jsonl
litigation-legal/inbound/_README.md,4c91978cef4d09a25beba8f0bb17ebff3564fc15d99411a676ad36806d2f589b,True,45,2424,.md,reviewed,semantic_coverage_b,receipt=results/semantic-coverage-receipt.jsonl
litigation-legal/matters/_log.yaml,17ebd9c8a180bc0d8a7b8a69edbde553a7cd5b2940c4a15bd4bdcda86b536e8d,True,64,3943,.yaml,reviewed,semantic_coverage_b,receipt=results/semantic-coverage-receipt.jsonl
litigation-legal/matters/_README.md,ded6eb83fecd9e7ff9c1c88e3baedf084928b0bf55712b33c6e57446545f6da6,True,42,1741,.md,reviewed,semantic_coverage_b,receipt=results/semantic-coverage-receipt.jsonl
litigation-legal/oc-status/_README.md,403017c0fbb1b3ae4d7ce13c5fc87e8163b0828bca846dd072fb11289a09cce0,True,27,1114,.md,reviewed,semantic_coverage_a,receipt=results/semantic-coverage-receipt.jsonl
litigation-legal/README.md,bfa3942ef8fb3d661a7537b5eba0757bc134ca87a1f1e49e2514692c569378e7,True,158,12517,.md,reviewed,semantic_coverage_a,receipt=results/semantic-coverage-receipt.jsonl
litigation-legal/skills/brief-section-drafter/SKILL.md,acca2977745f372467305d489035c7abd8603790a3f8de1ae2979c163c6a8e5e,True,191,16396,.md,reviewed,semantic_coverage_b,receipt=results/semantic-coverage-receipt.jsonl
litigation-legal/skills/chronology/SKILL.md,42a72dd3bec85f4731267c66ce64c6139cfcabdc46d76d43a9f62510efc31306,True,279,23172,.md,reviewed,semantic_coverage_a,receipt=results/semantic-coverage-receipt.jsonl
litigation-legal/skills/claim-chart/references/element-templates.md,c4640a34ca2dfa0b313808f70957891882866ad428fb5193d5ec7d738efb6bf8,True,447,19644,.md,reviewed,semantic_coverage_b,receipt=results/semantic-coverage-receipt.jsonl
litigation-legal/skills/claim-chart/SKILL.md,f7ba31454418aadae4f90e3707bcbc907819da8b759e26c3132c915cad5edf04,True,476,41638,.md,reviewed,semantic_coverage_a,receipt=results/semantic-coverage-receipt.jsonl
litigation-legal/skills/cold-start-interview/SKILL.md,14b252af840e07c4b62bf8681a15c4c29adf9989d522a47f243466b31ee451fe,True,514,48722,.md,reviewed,semantic_coverage_a,receipt=results/semantic-coverage-receipt.jsonl
litigation-legal/skills/customize/SKILL.md,3a0a75dfe064e3268bb71cc78f944e10ce427e159baae7864858d01bc21babcf,True,102,4791,.md,reviewed,semantic_coverage_a,receipt=results/semantic-coverage-receipt.jsonl
litigation-legal/skills/demand-draft/SKILL.md,7ba3ab0332777a0c1da7c3f914f31dc0934dd3a0d05cc7679f540498d70406ea,True,351,26411,.md,reviewed,semantic_coverage_a,receipt=results/semantic-coverage-receipt.jsonl
litigation-legal/skills/demand-intake/SKILL.md,a77cace158646e2086c3b240f98717eca055a1e8bb6ffce79cf2849f5dce9316,True,271,13134,.md,reviewed,semantic_coverage_b,receipt=results/semantic-coverage-receipt.jsonl
litigation-legal/skills/demand-received/SKILL.md,968f73bcf1be2054e92faca2c03974029b5149590e7e4b97bb995e080e0ff382,True,235,13828,.md,reviewed,semantic_coverage_b,receipt=results/semantic-coverage-receipt.jsonl
litigation-legal/skills/deposition-prep/SKILL.md,e6f350ef3b5262e11266e1cc8986f904854d5ae3fa226b9c77351474d733e5c9,True,204,14323,.md,reviewed,semantic_coverage_a,receipt=results/semantic-coverage-receipt.jsonl
litigation-legal/skills/legal-hold/SKILL.md,947577483683f30f904938e34c7b1720b7707249fab10d53f6a6b6f3c2db99f2,True,238,15409,.md,reviewed,semantic_coverage_a,receipt=results/semantic-coverage-receipt.jsonl
litigation-legal/skills/matter-briefing/SKILL.md,2ff4e61199966bc004678757e2c63fa5f2addc2d5997d71770318ced0cb8af5b,True,109,5008,.md,reviewed,semantic_coverage_a,receipt=results/semantic-coverage-receipt.jsonl
litigation-legal/skills/matter-close/SKILL.md,ed40b400202907f7159321bd080ac63590ac8ffa94fd48b8108709d03696bf3d,True,130,6286,.md,reviewed,semantic_coverage_a,receipt=results/semantic-coverage-receipt.jsonl
litigation-legal/skills/matter-intake/SKILL.md,7bc764c364c1e7395f1321a834eae34e6271e416fcfec3c3ef9c58132adb1ca9,True,310,13640,.md,reviewed,semantic_coverage_b,receipt=results/semantic-coverage-receipt.jsonl
litigation-legal/skills/matter-update/SKILL.md,50b6c4a45ff3060038a37e469042ca078aa6992ec6750c63f0d7350eccfbd1a0,True,150,8266,.md,reviewed,semantic_coverage_a,receipt=results/semantic-coverage-receipt.jsonl
litigation-legal/skills/matter-workspace/SKILL.md,4b300a0ac8f9a184ce1b41e67f53f564674046b4fb05ad20061298bb4fd24c97,True,184,10225,.md,reviewed,semantic_coverage_b,receipt=results/semantic-coverage-receipt.jsonl
litigation-legal/skills/oc-status/SKILL.md,94956e69b73b5a26178803b430ae921463674ee0e92c085c35d1a1d3b40204f4,True,159,8688,.md,reviewed,semantic_coverage_b,receipt=results/semantic-coverage-receipt.jsonl
litigation-legal/skills/portfolio-status/SKILL.md,8f5062d25b6fa3b694a6cf210ba74394b9f344bcb038fb17ca06ef22f87887d0,True,126,5554,.md,reviewed,semantic_coverage_a,receipt=results/semantic-coverage-receipt.jsonl
litigation-legal/skills/privilege-log-review/SKILL.md,73e36930ca773eeace53a83077fa7cf851e6a382038987ba2b38921146bc8fad,True,230,19460,.md,reviewed,semantic_coverage_b,receipt=results/semantic-coverage-receipt.jsonl
litigation-legal/skills/subpoena-triage/SKILL.md,d57ef12307af0232147a9e688d5d582bed0939335a282649eaf86b6ef38a09bb,True,278,18349,.md,reviewed,semantic_coverage_a,receipt=results/semantic-coverage-receipt.jsonl
managed-agent-cookbooks/diligence-grid/agent.yaml,c7c1d6375f544b357f19a54a0d80da6704aecb081166fd8abca005a75d473b57,True,100,5078,.yaml,reviewed,semantic_coverage_b,receipt=results/semantic-coverage-receipt.jsonl
managed-agent-cookbooks/diligence-grid/README.md,aaa3ce75e8bc7c4de6c3f6cb10e196400f4bf32f0598939ff9eae67796dc813a,True,61,6830,.md,reviewed,semantic_coverage_b,receipt=results/semantic-coverage-receipt.jsonl
managed-agent-cookbooks/diligence-grid/steering-examples.json,a4ce5b9c62a19de2de85a80a5f2b90979b15f3c4a1114869677f8828a6512092,True,5,764,.json,reviewed,semantic_coverage_a,receipt=results/semantic-coverage-receipt.jsonl
managed-agent-cookbooks/diligence-grid/subagents/doc-reader.yaml,72d20c9f7cd5be17385a74539c42efd1c4fefe51d99480b4a850cbd760de9264,True,99,3584,.yaml,reviewed,semantic_coverage_b,receipt=results/semantic-coverage-receipt.jsonl
managed-agent-cookbooks/diligence-grid/subagents/extractor.yaml,5a0eb17ee562d41289dc4e7908fa038c353b54910397ebbad95d9898bd44d190,True,85,3539,.yaml,reviewed,semantic_coverage_b,receipt=results/semantic-coverage-receipt.jsonl
managed-agent-cookbooks/diligence-grid/subagents/grid-writer.yaml,b22700a0b898ddd7ba39951def13aa80a6bf239c89114283fd2211434351a406,True,88,4500,.yaml,reviewed,semantic_coverage_a,receipt=results/semantic-coverage-receipt.jsonl
managed-agent-cookbooks/diligence-grid/subagents/normalizer.yaml,4f6af18d710aa97f4552c827a783ba4e5ff3bb20c38a444b60c5c20464a99399,True,86,3395,.yaml,reviewed,semantic_coverage_b,receipt=results/semantic-coverage-receipt.jsonl
managed-agent-cookbooks/docket-watcher/agent.yaml,b5a15ca363275508c8c4056eb1f4ece8ed3e3a7422690f41b453c77af87cbbb1,True,51,2198,.yaml,reviewed,semantic_coverage_a,receipt=results/semantic-coverage-receipt.jsonl
managed-agent-cookbooks/docket-watcher/README.md,03c58102121bf2ab280043355d5ecc88221124f1ba6f926ff1664aac4e4b364c,True,58,5438,.md,reviewed,semantic_coverage_a,receipt=results/semantic-coverage-receipt.jsonl
managed-agent-cookbooks/docket-watcher/steering-examples.json,cc1e33bf9e238f2772ea949a8b7fb9c27fe7caf01b43a76ea6426248c39d3882,True,5,469,.json,reviewed,semantic_coverage_b,receipt=results/semantic-coverage-receipt.jsonl
managed-agent-cookbooks/docket-watcher/subagents/deadline-mapper.yaml,ee24b42cdc49eea28561821d648adb97b7accdc776c4fb74b3b11cabe48f6be8,True,58,2594,.yaml,reviewed,semantic_coverage_b,receipt=results/semantic-coverage-receipt.jsonl
managed-agent-cookbooks/docket-watcher/subagents/docket-reader.yaml,4301955de227ed93166a3a43c38b0d2100045203825dcc5a02feb2644fcae924,True,59,3021,.yaml,reviewed,semantic_coverage_a,receipt=results/semantic-coverage-receipt.jsonl
managed-agent-cookbooks/docket-watcher/subagents/tracker-writer.yaml,633ee6e5b10453d70bab507841ebe1686d5d2bc4e8909e47b8234c49c08139f9,True,123,6594,.yaml,reviewed,semantic_coverage_a,receipt=results/semantic-coverage-receipt.jsonl
managed-agent-cookbooks/launch-radar/agent.yaml,bdd1475ce47dd56f0a5cf875eaa17af95bbf6c66d3b590a8e89e65eb8a3fb65e,True,48,2130,.yaml,reviewed,semantic_coverage_a,receipt=results/semantic-coverage-receipt.jsonl
managed-agent-cookbooks/launch-radar/README.md,c8ca493eadfda1905d3dcf61132c0907d40d8570ae9140bffcb5a4dff24ee8a8,True,59,6468,.md,reviewed,semantic_coverage_a,receipt=results/semantic-coverage-receipt.jsonl
managed-agent-cookbooks/launch-radar/steering-examples.json,3e81c9be04b570905a2d21f0576c350bed8b86594a89ef7c83696a07afa8293a,True,5,494,.json,reviewed,semantic_coverage_b,receipt=results/semantic-coverage-receipt.jsonl
managed-agent-cookbooks/launch-radar/subagents/memo-writer.yaml,4f960df648df38b739cddc294e6dae6376a1f6a5c6cc2088ab61bfa5a6552670,True,88,4619,.yaml,reviewed,semantic_coverage_a,receipt=results/semantic-coverage-receipt.jsonl
managed-agent-cookbooks/launch-radar/subagents/risk-classifier.yaml,4ca367ac9f87c66c922f82c66d9a29c49febba185451ebb0be808c5b8030fce8,True,75,2873,.yaml,reviewed,semantic_coverage_b,receipt=results/semantic-coverage-receipt.jsonl
managed-agent-cookbooks/launch-radar/subagents/tracker-reader.yaml,b59a5e14c7a97ec5b806750953a0c99e02d3a8ecf823cd770a472084bd5f76da,True,64,3170,.yaml,reviewed,semantic_coverage_b,receipt=results/semantic-coverage-receipt.jsonl
managed-agent-cookbooks/README.md,4c6a261ace6048577e27241712a5de6c519357f7dd7209aa1d1c91122b558df6,True,55,5563,.md,reviewed,semantic_coverage_b,receipt=results/semantic-coverage-receipt.jsonl
managed-agent-cookbooks/reg-monitor/agent.yaml,54c86c26f6f20980698e66e33ec0b08f0038ac4be47d5246f88a1779c06a14be,True,38,1442,.yaml,reviewed,semantic_coverage_a,receipt=results/semantic-coverage-receipt.jsonl
managed-agent-cookbooks/reg-monitor/README.md,6fecf6468930760e665216c976689631879ec1a08bd8697e53f6b656de71ee6f,True,51,5143,.md,reviewed,semantic_coverage_a,receipt=results/semantic-coverage-receipt.jsonl
managed-agent-cookbooks/reg-monitor/steering-examples.json,d93e1e42242a546c9a9a83b8332f140ced36fdd263f160a8958aa9067b427ad6,True,5,430,.json,reviewed,semantic_coverage_a,receipt=results/semantic-coverage-receipt.jsonl
managed-agent-cookbooks/reg-monitor/subagents/digest-writer.yaml,faa7fae159fac5ebf12247193126536076f562b236f99cab5b3d3522e607a3b1,True,85,4190,.yaml,reviewed,semantic_coverage_a,receipt=results/semantic-coverage-receipt.jsonl
managed-agent-cookbooks/reg-monitor/subagents/feed-reader.yaml,8007a8e75b9b35535b68c8a267e530ff3bb34fe7a029d4e3aa93cbe3a6bd7503,True,88,3886,.yaml,reviewed,semantic_coverage_a,receipt=results/semantic-coverage-receipt.jsonl
managed-agent-cookbooks/reg-monitor/subagents/materiality-filter.yaml,30db9d6d205ca046dcbeb04ffda629ba419d5180ce8552bb74c2495606649bf9,True,58,2436,.yaml,reviewed,semantic_coverage_b,receipt=results/semantic-coverage-receipt.jsonl
managed-agent-cookbooks/renewal-watcher/agent.yaml,24e270aa005e47e87791624837bbbf00daea1e7c5e49da158fc8fd1340da2417,True,48,2068,.yaml,reviewed,semantic_coverage_b,receipt=results/semantic-coverage-receipt.jsonl
managed-agent-cookbooks/renewal-watcher/README.md,a56a24688bc9aeeab7a342e36345df056f505e687e30de6a792d72acaa733c69,True,58,5904,.md,reviewed,semantic_coverage_b,receipt=results/semantic-coverage-receipt.jsonl
managed-agent-cookbooks/renewal-watcher/steering-examples.json,dc209ecfc18b44fabcae0cff28b7172e5565cc698c25ea0775d4c8a463f59947,True,5,627,.json,reviewed,semantic_coverage_a,receipt=results/semantic-coverage-receipt.jsonl
managed-agent-cookbooks/renewal-watcher/subagents/alert-writer.yaml,9fb9854b0cc6b9652e909dc2499bf261b7ee66e3e8bf0072ab2b347ff0cde0cf,True,93,4610,.yaml,reviewed,semantic_coverage_b,receipt=results/semantic-coverage-receipt.jsonl
managed-agent-cookbooks/renewal-watcher/subagents/deadline-calculator.yaml,ed00cf5cbde3e02babbb7f96917244120d3bce4ebdd8636edf9faa6022f5dde0,True,78,3440,.yaml,reviewed,semantic_coverage_a,receipt=results/semantic-coverage-receipt.jsonl
managed-agent-cookbooks/renewal-watcher/subagents/repo-reader.yaml,911ba93f283fa4c409ae493d4b73edcb9c89b48d9025a08709bae475442a8342,True,77,3880,.yaml,reviewed,semantic_coverage_a,receipt=results/semantic-coverage-receipt.jsonl
privacy-legal/.claude-plugin/plugin.json,3683622e2f1fa0c267157ed004a8b3462188e075ce8835de08911bf2c09d62d2,True,8,305,.json,reviewed,semantic_coverage_b,receipt=results/semantic-coverage-receipt.jsonl
privacy-legal/.gitignore,e48d69406979f6930a9a6135f795c482d5b78aaa99cce6b317ab40786ff41ecb,True,1,11,,reviewed,semantic_coverage_a,receipt=results/semantic-coverage-receipt.jsonl
privacy-legal/.mcp.json,36dd5bf775ca4397585dbfe010722385326d0527c81022747423735ab1de6514,True,22,573,.json,reviewed,semantic_coverage_a,receipt=results/semantic-coverage-receipt.jsonl
privacy-legal/CLAUDE.md,d3af985f5f06049f99fc1882ffb20d18b48c8a5c44d9b47246de707c57c375bb,True,405,39970,.md,reviewed,semantic_coverage_a,receipt=results/semantic-coverage-receipt.jsonl
privacy-legal/hooks/hooks.json,b56c9265773cc456d686833a5102f34eae5da1dba76a822276974d1c5f7fa4d9,True,3,21,.json,reviewed,semantic_coverage_a,receipt=results/semantic-coverage-receipt.jsonl
privacy-legal/README.md,d42dc21bf9e6ad55720c928472626f7c5753130dc257ed17030ef4383ec7678c,True,124,5935,.md,reviewed,semantic_coverage_b,receipt=results/semantic-coverage-receipt.jsonl
privacy-legal/references/currency-watch.md,47cc99844b142cb5f100604bd7fad17ada76692effd45e9dad30d1945cbd48bc,True,39,3077,.md,reviewed,semantic_coverage_a,receipt=results/semantic-coverage-receipt.jsonl
privacy-legal/skills/cold-start-interview/SKILL.md,2412a265ae4d7997bca26a49c86fdd3639301ca838d6d07b5ded9ee29f2d11df,True,498,37924,.md,reviewed,semantic_coverage_a,receipt=results/semantic-coverage-receipt.jsonl
privacy-legal/skills/customize/SKILL.md,a17a703279b37d6e223ea51c7678975c50bcb03378b010c7bba18f76b02efc0f,True,101,4635,.md,reviewed,semantic_coverage_b,receipt=results/semantic-coverage-receipt.jsonl
privacy-legal/skills/dpa-review/SKILL.md,39d2e0e694b32c5dca5081c6eb5872fa4142c60be48f2d26aed5f249f325ddf1,True,245,21361,.md,reviewed,semantic_coverage_b,receipt=results/semantic-coverage-receipt.jsonl
privacy-legal/skills/dsar-response/SKILL.md,8bc98823379e6279a2aaa00d668b3344bc469495685c9a2b2857c2c62aba9152,True,288,20678,.md,reviewed,semantic_coverage_b,receipt=results/semantic-coverage-receipt.jsonl
privacy-legal/skills/matter-workspace/SKILL.md,8f6667d9521de463be6aee4648cd2f1104bfca81e435199f8e10019ef4fe98fa,True,186,10001,.md,reviewed,semantic_coverage_b,receipt=results/semantic-coverage-receipt.jsonl
privacy-legal/skills/pia-generation/SKILL.md,962dc4188afb1717b23d1b8ba00dc4a472fb6216d12a41d6cdffc0b4d4bcd100,True,282,17123,.md,reviewed,semantic_coverage_b,receipt=results/semantic-coverage-receipt.jsonl
privacy-legal/skills/policy-monitor/SKILL.md,b395edeae2d1fa338c94e6cd2a9f3245158d0f2a4ebfd046d087ec0f716a6fb2,True,358,18319,.md,reviewed,semantic_coverage_a,receipt=results/semantic-coverage-receipt.jsonl
privacy-legal/skills/reg-gap-analysis/SKILL.md,af17a52cabb9e3f27956aeeca35cec0c0feff83dc2195102c8be29b97eddd780,True,184,10796,.md,reviewed,semantic_coverage_b,receipt=results/semantic-coverage-receipt.jsonl
privacy-legal/skills/use-case-triage/SKILL.md,08fae2e40c214393c89a46b289fba3f357ff9923ac78c9b60ddeeade21b6c80e,True,295,16670,.md,reviewed,semantic_coverage_a,receipt=results/semantic-coverage-receipt.jsonl
product-legal/.claude-plugin/plugin.json,9c55b6b68480f39daf69d2d4421b57e66661f857ea3c877159d3a75e3291e16e,True,8,358,.json,reviewed,semantic_coverage_a,receipt=results/semantic-coverage-receipt.jsonl
product-legal/.gitignore,e48d69406979f6930a9a6135f795c482d5b78aaa99cce6b317ab40786ff41ecb,True,1,11,,reviewed,semantic_coverage_a,receipt=results/semantic-coverage-receipt.jsonl
product-legal/.mcp.json,5de103f5c938d59b84255c828627afc11c93a655658ca195bda09d08a62800aa,True,42,1157,.json,reviewed,semantic_coverage_b,receipt=results/semantic-coverage-receipt.jsonl
product-legal/agents/launch-watcher.md,5e712c0e40e45cd265f9f00ddcd5a57f719dc5722079673659ae7bc0dc1600f2,True,82,3825,.md,reviewed,semantic_coverage_b,receipt=results/semantic-coverage-receipt.jsonl
product-legal/CLAUDE.md,0dd097161bc8fb2e4eb75e0aaa6c255f80369aca79c7a5bb63f527a54627a111,True,397,39471,.md,reviewed,semantic_coverage_a,receipt=results/semantic-coverage-receipt.jsonl
product-legal/hooks/hooks.json,b56c9265773cc456d686833a5102f34eae5da1dba76a822276974d1c5f7fa4d9,True,3,21,.json,reviewed,semantic_coverage_b,receipt=results/semantic-coverage-receipt.jsonl
product-legal/README.md,3420c70af03ac248310626528f9ec507251df1a5748b264db43fe25153cd1755,True,105,5843,.md,reviewed,semantic_coverage_a,receipt=results/semantic-coverage-receipt.jsonl
product-legal/references/currency-watch.md,59b66f3049bf1e9180d27ac47ca267c16307b990a0d3bc33f5dab7203632cb35,True,37,2865,.md,reviewed,semantic_coverage_a,receipt=results/semantic-coverage-receipt.jsonl
product-legal/skills/cold-start-interview/SKILL.md,40b07eb62ab679ea1453064361a0ac8d9de61dacef63856be86888ed6714120b,True,492,35760,.md,reviewed,semantic_coverage_a,receipt=results/semantic-coverage-receipt.jsonl
product-legal/skills/customize/SKILL.md,37788bce2adad05c1569dc2813caf31cde09126bafc5cbbb75480003753ba512,True,98,4669,.md,reviewed,semantic_coverage_a,receipt=results/semantic-coverage-receipt.jsonl
product-legal/skills/feature-risk-assessment/SKILL.md,647aea0cfdc21a3f15f699e6730e8812a472fe2a8be366cb36d2eefdd4077ff9,True,158,9123,.md,reviewed,semantic_coverage_b,receipt=results/semantic-coverage-receipt.jsonl
product-legal/skills/is-this-a-problem/SKILL.md,9b09b2aedd7dc3ac0325da30eba0dcab5373d2ff6c1a3466d04d6c1f30b19575,True,143,9406,.md,reviewed,semantic_coverage_b,receipt=results/semantic-coverage-receipt.jsonl
product-legal/skills/launch-review/references/seven-category-framework.md,7847dafe88440acef22d1f81706b76442f389f1b3c8370f110d8c75c29f2293b,True,135,5434,.md,reviewed,semantic_coverage_a,receipt=results/semantic-coverage-receipt.jsonl
product-legal/skills/launch-review/SKILL.md,aff239a53faff2a203d493bf7de5e299f2c9edcda9c636e87bb88a5f12b2e3f8,True,259,20255,.md,reviewed,semantic_coverage_b,receipt=results/semantic-coverage-receipt.jsonl
product-legal/skills/marketing-claims-review/SKILL.md,1f6b91999fdcd783e2630281a6887b48635b7fa7894472d0ef0508c70f29590a,True,220,14907,.md,reviewed,semantic_coverage_a,receipt=results/semantic-coverage-receipt.jsonl
product-legal/skills/matter-workspace/SKILL.md,6798b8fb8a3f26a74dc5051934168d9b02943640d041b537516773b40d153588,True,186,9978,.md,reviewed,semantic_coverage_a,receipt=results/semantic-coverage-receipt.jsonl
QUICKSTART.md,74ae5bc709560b657419a4df486816de400bbc073e8e72366523286b3b9eee21,True,75,5008,.md,reviewed,semantic_coverage_a,receipt=results/semantic-coverage-receipt.jsonl
README.md,5e13e51df2c29f43bf5eca4e263323aaffc4c686aaaef72f1ff541af9ccca543,True,577,54062,.md,reviewed,semantic_coverage_b,receipt=results/semantic-coverage-receipt.jsonl
references/company-profile-template.md,cb4f7bdbad2a2ba3bc57bae91f6a71a6e3537f08a480d51a115b526993fb295d,True,32,1448,.md,reviewed,semantic_coverage_a,receipt=results/semantic-coverage-receipt.jsonl
references/dashboard-template.md,08ebcbf0b14feab23b12a1385472ed07a40841dec5c446fc8b1625d17399aea0,True,30,4278,.md,reviewed,semantic_coverage_b,receipt=results/semantic-coverage-receipt.jsonl
regulatory-legal/.claude-plugin/plugin.json,88e3471c70fb453d2ae4390e5142cca6ffff0d82201473a0545d56b114896780,True,8,291,.json,reviewed,semantic_coverage_a,receipt=results/semantic-coverage-receipt.jsonl
regulatory-legal/.gitignore,e48d69406979f6930a9a6135f795c482d5b78aaa99cce6b317ab40786ff41ecb,True,1,11,,reviewed,semantic_coverage_a,receipt=results/semantic-coverage-receipt.jsonl
regulatory-legal/.mcp.json,420fbea84de109ee94025c24251129c5a4d9a280c8c8cd6ea0fcd47180a51f91,True,23,594,.json,reviewed,semantic_coverage_b,receipt=results/semantic-coverage-receipt.jsonl
regulatory-legal/agents/reg-change-monitor.md,7437a74dabfa080900e03e2e78b3455ff445ba6754292abb2a2bc5a8d1f213d5,True,51,1824,.md,reviewed,semantic_coverage_a,receipt=results/semantic-coverage-receipt.jsonl
regulatory-legal/CLAUDE.md,abc28ba035ac11ac9c2edec1253371c688fab61537e950ac79cde306f296bf8c,True,355,38913,.md,reviewed,semantic_coverage_b,receipt=results/semantic-coverage-receipt.jsonl
regulatory-legal/hooks/hooks.json,b56c9265773cc456d686833a5102f34eae5da1dba76a822276974d1c5f7fa4d9,True,3,21,.json,reviewed,semantic_coverage_b,receipt=results/semantic-coverage-receipt.jsonl
regulatory-legal/README.md,900feb51b3a5a490c374e702e9d8dfac90c46b1c08f158a0403924810e0de2b6,True,75,5357,.md,reviewed,semantic_coverage_b,receipt=results/semantic-coverage-receipt.jsonl
regulatory-legal/skills/cold-start-interview/SKILL.md,e98b533e3637e5894097437f93378cca293362e4f0e2a7dd4ea5e28b3e19eea8,True,358,31512,.md,reviewed,semantic_coverage_b,receipt=results/semantic-coverage-receipt.jsonl
regulatory-legal/skills/comments/SKILL.md,6a319db452147e952103ed5828f3075b2e4ed5a025bd63fe70ca6fb22c9090ca,True,90,4266,.md,reviewed,semantic_coverage_b,receipt=results/semantic-coverage-receipt.jsonl
regulatory-legal/skills/customize/SKILL.md,2a6126646f053355a52da98b8ca5c75a819c547de6f593feabefdfcefb5f57f4,True,103,4877,.md,reviewed,semantic_coverage_b,receipt=results/semantic-coverage-receipt.jsonl
regulatory-legal/skills/gap-surfacer/references/comment-tracker.yaml,2d36550cc70d24a21e4172295bb1c1030b1bae4b7931c3b5023d77d4bd020c60,True,19,745,.yaml,reviewed,semantic_coverage_b,receipt=results/semantic-coverage-receipt.jsonl
regulatory-legal/skills/gap-surfacer/references/gap-tracker.yaml,955b44a516d74026a4ce9d79227a3bf649db9132299cd23727e513735a4383f0,True,16,448,.yaml,reviewed,semantic_coverage_b,receipt=results/semantic-coverage-receipt.jsonl
regulatory-legal/skills/gap-surfacer/SKILL.md,5bf9dabb456108aa03a6df5a7cebc1b3c87f06104362a8fdd6f0c177ce1337b7,True,242,15119,.md,reviewed,semantic_coverage_a,receipt=results/semantic-coverage-receipt.jsonl
regulatory-legal/skills/gaps/SKILL.md,560771f70341b629c31660cc3610fe0f5b4876f60524f96b492fdb7b36aeb6c2,True,14,935,.md,reviewed,semantic_coverage_b,receipt=results/semantic-coverage-receipt.jsonl
regulatory-legal/skills/matter-workspace/SKILL.md,7976409303af04c3a4ccd95be8db59de53b6bd3ec1442be5d61bfe76562b2b42,True,180,9983,.md,reviewed,semantic_coverage_b,receipt=results/semantic-coverage-receipt.jsonl
regulatory-legal/skills/policy-diff/SKILL.md,2430a251acc8e95d6b998f2661211289b6baa0dab6ec07e49c253d4df15451d0,True,205,12102,.md,reviewed,semantic_coverage_a,receipt=results/semantic-coverage-receipt.jsonl
regulatory-legal/skills/policy-redraft/SKILL.md,40032ef5d11bc402740bf90ddfbad7a81756d393b98fe094d686ac20b332a8f7,True,199,14265,.md,reviewed,semantic_coverage_a,receipt=results/semantic-coverage-receipt.jsonl
regulatory-legal/skills/reg-feed-watcher/references/source-catalog.md,25484ab1db3ec497e0ecd310272617a1dfe728656f0642ce0da303612f651302,True,157,15383,.md,reviewed,semantic_coverage_b,receipt=results/semantic-coverage-receipt.jsonl
regulatory-legal/skills/reg-feed-watcher/SKILL.md,95f7100959379bd189ee6155552ab1356a4b40ef0fed1486ef483828275d3869,True,227,15287,.md,reviewed,semantic_coverage_b,receipt=results/semantic-coverage-receipt.jsonl
scripts/deploy-managed-agent.sh,3814f3409caab9810d11addbcf413d71fe4e631eed9bda96ccd4191982682215,True,207,7985,.sh,reviewed,semantic_coverage_a,receipt=results/semantic-coverage-receipt.jsonl
scripts/lint-tool-scope.py,1afca477bb16e088f053d4e69d563f4a7ee57ed23834ec84db9b9fe008afcc46,True,107,4107,.py,reviewed,semantic_coverage_a,receipt=results/semantic-coverage-receipt.jsonl
scripts/orchestrate.py,eb4aa14f6652450d2bf1b25ffd5ebea4f4f7b60baba8ec7d68216fae8d4b6fea,True,350,14597,.py,reviewed,semantic_coverage_a,receipt=results/semantic-coverage-receipt.jsonl
scripts/test-cookbooks.sh,5c787dea7a7418e469d761def810b32f2a3fe3c6fb42f96bb845f90834e4727e,True,37,1403,.sh,reviewed,semantic_coverage_b,receipt=results/semantic-coverage-receipt.jsonl
scripts/validate.py,5af9543ff789485965143b0fdc7df8e1cfd5b88940c91ab8334e3bed374be5a8,True,44,1291,.py,reviewed,semantic_coverage_a,receipt=results/semantic-coverage-receipt.jsonl
